-- MySQL dump 10.13  Distrib 8.0.45, for Win64 (x86_64)
--
-- Host: localhost    Database: hostel_db
-- ------------------------------------------------------
-- Server version	8.0.45

/*!40101 SET @OLD_CHARACTER_SET_CLIENT=@@CHARACTER_SET_CLIENT */;
/*!40101 SET @OLD_CHARACTER_SET_RESULTS=@@CHARACTER_SET_RESULTS */;
/*!40101 SET @OLD_COLLATION_CONNECTION=@@COLLATION_CONNECTION */;
/*!50503 SET NAMES utf8mb4 */;
/*!40103 SET @OLD_TIME_ZONE=@@TIME_ZONE */;
/*!40103 SET TIME_ZONE='+00:00' */;
/*!40014 SET @OLD_UNIQUE_CHECKS=@@UNIQUE_CHECKS, UNIQUE_CHECKS=0 */;
/*!40014 SET @OLD_FOREIGN_KEY_CHECKS=@@FOREIGN_KEY_CHECKS, FOREIGN_KEY_CHECKS=0 */;
/*!40101 SET @OLD_SQL_MODE=@@SQL_MODE, SQL_MODE='NO_AUTO_VALUE_ON_ZERO' */;
/*!40111 SET @OLD_SQL_NOTES=@@SQL_NOTES, SQL_NOTES=0 */;

--
-- Table structure for table `academic_terms`
--

DROP TABLE IF EXISTS `academic_terms`;
/*!40101 SET @saved_cs_client     = @@character_set_client */;
/*!50503 SET character_set_client = utf8mb4 */;
CREATE TABLE `academic_terms` (
  `id` bigint NOT NULL AUTO_INCREMENT,
  `academic_year` varchar(20) NOT NULL,
  `semester` varchar(20) NOT NULL,
  `start_date` date NOT NULL,
  `end_date` date NOT NULL,
  `reapplication_open_date` date NOT NULL,
  `is_active` tinyint(1) NOT NULL DEFAULT '0',
  `created_at` timestamp NOT NULL DEFAULT CURRENT_TIMESTAMP,
  `updated_at` timestamp NOT NULL DEFAULT CURRENT_TIMESTAMP ON UPDATE CURRENT_TIMESTAMP,
  PRIMARY KEY (`id`),
  UNIQUE KEY `uk_academic_terms_year_semester` (`academic_year`,`semester`)
) ENGINE=InnoDB AUTO_INCREMENT=2 DEFAULT CHARSET=utf8mb4 COLLATE=utf8mb4_0900_ai_ci;
/*!40101 SET character_set_client = @saved_cs_client */;

--
-- Dumping data for table `academic_terms`
--

LOCK TABLES `academic_terms` WRITE;
/*!40000 ALTER TABLE `academic_terms` DISABLE KEYS */;
INSERT INTO `academic_terms` VALUES (1,'2026/2027','REGULAR','2026-09-01','2027-07-31','2026-09-01',1,'2026-03-24 11:13:21','2026-04-16 06:50:44');
/*!40000 ALTER TABLE `academic_terms` ENABLE KEYS */;
UNLOCK TABLES;

--
-- Table structure for table `announcements`
--

DROP TABLE IF EXISTS `announcements`;
/*!40101 SET @saved_cs_client     = @@character_set_client */;
/*!50503 SET character_set_client = utf8mb4 */;
CREATE TABLE `announcements` (
  `id` bigint NOT NULL AUTO_INCREMENT,
  `title` varchar(200) COLLATE utf8mb4_unicode_ci NOT NULL,
  `body` text COLLATE utf8mb4_unicode_ci NOT NULL,
  `published_at` timestamp NOT NULL DEFAULT CURRENT_TIMESTAMP,
  `expires_at` timestamp NULL DEFAULT NULL,
  `is_active` tinyint(1) NOT NULL DEFAULT '1',
  `created_at` timestamp NOT NULL DEFAULT CURRENT_TIMESTAMP,
  `updated_at` timestamp NOT NULL DEFAULT CURRENT_TIMESTAMP ON UPDATE CURRENT_TIMESTAMP,
  PRIMARY KEY (`id`),
  KEY `idx_published_at` (`published_at` DESC),
  KEY `idx_active` (`is_active`)
) ENGINE=InnoDB AUTO_INCREMENT=13 DEFAULT CHARSET=utf8mb4 COLLATE=utf8mb4_unicode_ci;
/*!40101 SET character_set_client = @saved_cs_client */;

--
-- Dumping data for table `announcements`
--

LOCK TABLES `announcements` WRITE;
/*!40000 ALTER TABLE `announcements` DISABLE KEYS */;
INSERT INTO `announcements` VALUES (4,'Water pumps this Friday','asfdfghjkljgfsaertyuytrfghgytgnhftfgb','2026-04-16 07:58:38','2026-04-02 00:00:00',1,'2026-04-16 07:58:38','2026-04-16 07:58:38'),(10,'Water pumps this Friday','asdfghjkl;wertyuiovbnxcvbnmasdfghjklqwertyuiopasdfghjklzxcvbnm,.asdfghjkl;\'qwertyuiop[]4fghjkl;hcgxcvbn,.mnbvchvb','2026-04-25 05:43:58','2026-05-01 00:00:00',1,'2026-04-25 05:43:58','2026-04-25 05:43:58'),(11,'Water pumps this Friday','asdfghjkl;wertyuiovbnxcvbnmasdfghjklqwertyuiopasdfghjklzxcvbnm,.asdfghjkl;\'qwertyuiop[]4fghjkl;hcgxcvbn,.mnbvchvb','2026-04-25 05:43:59','2026-05-01 00:00:00',1,'2026-04-25 05:43:59','2026-04-25 05:43:59'),(12,'Water pumps this Friday','who is still on campus while we have vacated.','2026-04-30 16:32:11','2026-05-01 00:00:00',1,'2026-04-30 16:32:11','2026-04-30 16:32:11');
/*!40000 ALTER TABLE `announcements` ENABLE KEYS */;
UNLOCK TABLES;

--
-- Table structure for table `bookings`
--

DROP TABLE IF EXISTS `bookings`;
/*!40101 SET @saved_cs_client     = @@character_set_client */;
/*!50503 SET character_set_client = utf8mb4 */;
CREATE TABLE `bookings` (
  `id` bigint NOT NULL AUTO_INCREMENT,
  `student_id` bigint NOT NULL,
  `room_id` bigint DEFAULT NULL,
  `status` enum('PENDING_PAYMENT','APPROVED','REJECTED','EXPIRED','CANCELLED') NOT NULL,
  `special_requests` varchar(500) DEFAULT NULL,
  `created_at` timestamp NOT NULL DEFAULT CURRENT_TIMESTAMP,
  `updated_at` timestamp NOT NULL DEFAULT CURRENT_TIMESTAMP ON UPDATE CURRENT_TIMESTAMP,
  `academic_year` varchar(20) NOT NULL DEFAULT '',
  `academic_session` varchar(20) NOT NULL DEFAULT 'REGULAR',
  `checked_out_at` timestamp NULL DEFAULT NULL,
  `academic_term_id` bigint DEFAULT NULL,
  PRIMARY KEY (`id`),
  KEY `fk_bookings_room` (`room_id`),
  KEY `idx_bookings_student` (`student_id`),
  KEY `idx_bookings_status` (`status`),
  KEY `idx_bookings_student_status` (`student_id`,`status`),
  KEY `idx_bookings_academic_year_status` (`academic_year`,`status`),
  KEY `idx_bookings_academic_term_status` (`academic_term_id`,`status`),
  CONSTRAINT `fk_bookings_academic_term` FOREIGN KEY (`academic_term_id`) REFERENCES `academic_terms` (`id`),
  CONSTRAINT `fk_bookings_room` FOREIGN KEY (`room_id`) REFERENCES `rooms` (`id`) ON DELETE SET NULL,
  CONSTRAINT `fk_bookings_student` FOREIGN KEY (`student_id`) REFERENCES `students` (`id`) ON DELETE CASCADE
) ENGINE=InnoDB AUTO_INCREMENT=20 DEFAULT CHARSET=utf8mb4 COLLATE=utf8mb4_0900_ai_ci;
/*!40101 SET character_set_client = @saved_cs_client */;

--
-- Dumping data for table `bookings`
--

LOCK TABLES `bookings` WRITE;
/*!40000 ALTER TABLE `bookings` DISABLE KEYS */;
INSERT INTO `bookings` VALUES (1,5,NULL,'REJECTED','','2026-02-22 21:12:04','2026-03-24 11:13:21','2026/2027','REGULAR',NULL,1),(2,5,NULL,'REJECTED','','2026-02-22 21:12:22','2026-03-24 11:13:21','2026/2027','REGULAR',NULL,1),(3,5,NULL,'REJECTED','','2026-02-22 21:12:29','2026-03-24 11:13:21','2026/2027','REGULAR',NULL,1),(4,8,1,'CANCELLED','','2026-03-16 15:01:31','2026-03-25 02:29:21','2026/2027','REGULAR',NULL,1),(5,19,4,'APPROVED','','2026-03-16 15:14:40','2026-03-24 11:13:21','2026/2027','REGULAR',NULL,1),(6,20,3,'APPROVED','','2026-03-16 15:39:09','2026-03-24 11:13:21','2026/2027','REGULAR',NULL,1),(7,27,13,'EXPIRED','Playwright smoke test booking','2026-04-16 05:58:11','2026-04-16 06:28:39','2026/2027','REGULAR',NULL,1),(8,28,13,'EXPIRED','Playwright smoke test booking','2026-04-16 06:02:06','2026-04-16 06:33:40','2026/2027','REGULAR',NULL,1),(9,29,13,'APPROVED','Playwright smoke test booking','2026-04-16 06:06:22','2026-04-16 06:06:39','2026/2027','REGULAR',NULL,1),(10,30,13,'APPROVED','Playwright smoke test booking','2026-04-16 06:07:54','2026-04-16 06:08:12','2026/2027','REGULAR',NULL,1),(11,31,6,'APPROVED','Playwright smoke test booking','2026-04-16 06:21:45','2026-04-16 06:21:59','2026/2027','REGULAR',NULL,1),(12,32,6,'APPROVED','Playwright smoke test booking','2026-04-16 06:23:57','2026-04-16 06:24:08','2026/2027','REGULAR',NULL,1),(13,33,6,'APPROVED','Playwright smoke test booking','2026-04-16 06:27:29','2026-04-16 06:27:43','2026/2027','REGULAR',NULL,1),(14,34,6,'APPROVED','ws probe booking','2026-04-16 06:32:46','2026-04-16 06:32:46','2026/2027','REGULAR',NULL,1),(15,35,7,'APPROVED','ws probe booking','2026-04-16 06:42:26','2026-04-16 06:42:27','2026/2027','REGULAR',NULL,1),(16,36,7,'APPROVED','ws probe booking','2026-04-16 06:44:19','2026-04-16 06:44:20','2026/2027','REGULAR',NULL,1),(17,37,7,'APPROVED','ws probe booking','2026-04-16 06:47:58','2026-04-16 06:47:59','2026/2027','REGULAR',NULL,1),(18,38,7,'EXPIRED','Playwright smoke test booking','2026-04-16 06:48:25','2026-04-16 07:19:26','2026/2027','REGULAR',NULL,1),(19,39,8,'EXPIRED','Playwright smoke test booking','2026-04-16 06:50:25','2026-04-16 07:20:27','2026/2027','REGULAR',NULL,1);
/*!40000 ALTER TABLE `bookings` ENABLE KEYS */;
UNLOCK TABLES;

--
-- Table structure for table `flyway_schema_history`
--

DROP TABLE IF EXISTS `flyway_schema_history`;
/*!40101 SET @saved_cs_client     = @@character_set_client */;
/*!50503 SET character_set_client = utf8mb4 */;
CREATE TABLE `flyway_schema_history` (
  `installed_rank` int NOT NULL,
  `version` varchar(50) DEFAULT NULL,
  `description` varchar(200) NOT NULL,
  `type` varchar(20) NOT NULL,
  `script` varchar(1000) NOT NULL,
  `checksum` int DEFAULT NULL,
  `installed_by` varchar(100) NOT NULL,
  `installed_on` timestamp NOT NULL DEFAULT CURRENT_TIMESTAMP,
  `execution_time` int NOT NULL,
  `success` tinyint(1) NOT NULL,
  PRIMARY KEY (`installed_rank`),
  KEY `flyway_schema_history_s_idx` (`success`)
) ENGINE=InnoDB DEFAULT CHARSET=utf8mb4 COLLATE=utf8mb4_0900_ai_ci;
/*!40101 SET character_set_client = @saved_cs_client */;

--
-- Dumping data for table `flyway_schema_history`
--

LOCK TABLES `flyway_schema_history` WRITE;
/*!40000 ALTER TABLE `flyway_schema_history` DISABLE KEYS */;
INSERT INTO `flyway_schema_history` VALUES (1,'1','init','SQL','V1__init.sql',-1934055948,'root','2026-02-20 01:43:39',280,1),(2,'2','seed','SQL','V2__seed.sql',1794636828,'root','2026-02-20 01:43:39',5,1),(3,'3','add admin user','SQL','V3__add_admin_user.sql',-1552572126,'root','2026-02-23 11:37:07',118,1),(4,'4','set admin password','SQL','V4__fix_admin_password.sql',1490555574,'root','2026-02-23 11:43:24',25,1),(5,'5','add profile image url','SQL','V5__fix_admin_password_final.sql',-162003802,'root','2026-02-23 11:58:05',15,1),(6,'6','ensure profile image url column','SQL','V6__make_existing_user_admin.sql',69124406,'root','2026-02-23 12:00:22',23,1),(7,'7','add hostel distance','SQL','V7__add_hostel_distance.sql',43074314,'root','2026-03-04 12:19:19',338,1),(8,'8','add hostel image url','SQL','V8__add_hostel_image_url.sql',1891306853,'root','2026-03-04 12:19:19',71,1),(9,'9','add room type','SQL','V9__add_room_type.sql',-718839256,'root','2026-03-10 21:19:58',434,1),(10,'10','add password reset tokens','SQL','V10__add_password_reset_tokens.sql',-1492699218,'root','2026-03-10 21:19:58',393,1),(11,'11','add payment submission fields','SQL','V11__add_payment_submission_fields.sql',-324051291,'root','2026-03-12 02:52:02',215,1),(12,'12','expand image columns for uploads','SQL','V12__expand_image_columns_for_uploads.sql',-2008497099,'root','2026-03-12 02:52:03',105,1),(13,'13','rename image url columns to paths','SQL','V13__rename_image_url_columns_to_paths.sql',984536106,'root','2026-03-16 02:51:18',135,1),(14,'14','add academic rollover fields','SQL','V14__add_academic_rollover_fields.sql',-151340123,'root','2026-03-20 03:54:16',524,1),(15,'15','add academic terms and lifecycle controls','SQL','V15__add_academic_terms_and_lifecycle_controls.sql',2111540354,'root','2026-03-24 11:13:21',202,1),(16,'16','seed active academic term','SQL','V16__seed_active_academic_term.sql',1556322608,'root','2026-03-25 01:13:08',47,1),(17,'17','add student current level','SQL','V17__add_student_current_level.sql',58568164,'root','2026-03-25 01:13:09',322,1),(18,'18','create maintenance tickets','SQL','V18__create_maintenance_tickets.sql',23774406,'root','2026-03-25 01:13:09',237,1),(19,'19','add email verification and audit fields','SQL','V19__add_email_verification_and_audit_fields.sql',49393268,'root','2026-03-25 02:21:08',321,1),(20,'999','Create announcements table','SQL','V999__Create_announcements_table.sql',-209965232,'root','2026-04-15 16:14:17',279,1);
/*!40000 ALTER TABLE `flyway_schema_history` ENABLE KEYS */;
UNLOCK TABLES;

--
-- Table structure for table `hostels`
--

DROP TABLE IF EXISTS `hostels`;
/*!40101 SET @saved_cs_client     = @@character_set_client */;
/*!50503 SET character_set_client = utf8mb4 */;
CREATE TABLE `hostels` (
  `id` bigint NOT NULL AUTO_INCREMENT,
  `name` varchar(100) NOT NULL,
  `location` varchar(200) DEFAULT NULL,
  `image_path` mediumtext,
  `distance_to_campus_km` decimal(6,2) DEFAULT NULL,
  `total_rooms` int NOT NULL DEFAULT '0',
  `active` tinyint(1) NOT NULL DEFAULT '1',
  `created_at` timestamp NOT NULL DEFAULT CURRENT_TIMESTAMP,
  `updated_at` timestamp NOT NULL DEFAULT CURRENT_TIMESTAMP ON UPDATE CURRENT_TIMESTAMP,
  PRIMARY KEY (`id`)
) ENGINE=InnoDB AUTO_INCREMENT=9 DEFAULT CHARSET=utf8mb4 COLLATE=utf8mb4_0900_ai_ci;
/*!40101 SET character_set_client = @saved_cs_client */;

--
-- Dumping data for table `hostels`
--

LOCK TABLES `hostels` WRITE;
/*!40000 ALTER TABLE `hostels` DISABLE KEYS */;
INSERT INTO `hostels` VALUES (1,'Briscoe Hostel','Mempeasem',NULL,1.15,28,1,'2026-02-24 21:12:42','2026-03-28 21:06:29'),(2,'Berkely Hostel','Ketan Junction',NULL,4.00,19,1,'2026-02-24 21:13:24','2026-03-28 21:06:07'),(3,'Angelina Hostel','Ketan Junction',NULL,2.52,31,1,'2026-02-24 21:13:50','2026-03-28 21:54:49'),(4,'JustMoh Hostel (Block A)','Essikado','/uploads/images/d8a020ba-c459-4e38-b156-f7a299e1e532.jpg',0.12,35,1,'2026-03-25 15:18:28','2026-03-26 02:48:37'),(5,'Zion Hostel','Ketan','/uploads/images/f316b0fd-d536-43b3-8966-e78909c27dff.jpg',3.00,20,1,'2026-03-25 15:19:28','2026-03-28 22:03:10'),(6,'Railway Hall','Essikado','/uploads/images/daf6510d-02d3-47fd-9760-301ace24ae05.jpg',0.35,20,1,'2026-03-26 02:57:22','2026-03-28 22:22:19'),(7,'Borgah Hostel','BU','/uploads/images/fecd3fd1-00df-430f-b85a-d6f7b2895cd7.jpg',4.27,19,1,'2026-03-26 03:01:20','2026-03-28 22:21:41'),(8,'Grace Hostel','BU Campus','/uploads/images/bb18867d-8d7c-4caf-b5a5-e8b1713a1e7a.jpg',4.41,19,1,'2026-03-26 03:04:10','2026-03-28 22:34:48');
/*!40000 ALTER TABLE `hostels` ENABLE KEYS */;
UNLOCK TABLES;

--
-- Table structure for table `maintenance_tickets`
--

DROP TABLE IF EXISTS `maintenance_tickets`;
/*!40101 SET @saved_cs_client     = @@character_set_client */;
/*!50503 SET character_set_client = utf8mb4 */;
CREATE TABLE `maintenance_tickets` (
  `id` bigint NOT NULL AUTO_INCREMENT,
  `student_id` bigint NOT NULL,
  `room_id` bigint DEFAULT NULL,
  `category` varchar(20) NOT NULL,
  `title` varchar(200) NOT NULL,
  `description` text NOT NULL,
  `status` varchar(20) NOT NULL DEFAULT 'OPEN',
  `admin_notes` text,
  `resolved_at` timestamp NULL DEFAULT NULL,
  `created_at` timestamp NOT NULL DEFAULT CURRENT_TIMESTAMP,
  `updated_at` timestamp NOT NULL DEFAULT CURRENT_TIMESTAMP ON UPDATE CURRENT_TIMESTAMP,
  PRIMARY KEY (`id`),
  KEY `idx_tickets_student` (`student_id`),
  KEY `idx_tickets_status` (`status`),
  KEY `idx_tickets_student_status` (`student_id`,`status`),
  KEY `idx_tickets_room` (`room_id`),
  CONSTRAINT `fk_tickets_room` FOREIGN KEY (`room_id`) REFERENCES `rooms` (`id`),
  CONSTRAINT `fk_tickets_student` FOREIGN KEY (`student_id`) REFERENCES `students` (`id`)
) ENGINE=InnoDB AUTO_INCREMENT=3 DEFAULT CHARSET=utf8mb4 COLLATE=utf8mb4_0900_ai_ci;
/*!40101 SET character_set_client = @saved_cs_client */;

--
-- Dumping data for table `maintenance_tickets`
--

LOCK TABLES `maintenance_tickets` WRITE;
/*!40000 ALTER TABLE `maintenance_tickets` DISABLE KEYS */;
INSERT INTO `maintenance_tickets` VALUES (1,22,NULL,'FURNITURE','Broken window in Room 6','asdfghjklqwertyuiozxcvbnmsfs','CLOSED',NULL,'2026-05-01 04:52:11','2026-05-01 03:48:24','2026-05-01 04:52:11'),(2,8,NULL,'FURNITURE','Broken window latch in Room 23','Please come and fix it for us. The mosquitoes are disturbing too much as a result of that.','OPEN',NULL,NULL,'2026-05-01 04:11:38','2026-05-01 04:11:38');
/*!40000 ALTER TABLE `maintenance_tickets` ENABLE KEYS */;
UNLOCK TABLES;

--
-- Table structure for table `payments`
--

DROP TABLE IF EXISTS `payments`;
/*!40101 SET @saved_cs_client     = @@character_set_client */;
/*!50503 SET character_set_client = utf8mb4 */;
CREATE TABLE `payments` (
  `id` bigint NOT NULL AUTO_INCREMENT,
  `student_id` bigint NOT NULL,
  `booking_id` bigint NOT NULL,
  `amount` decimal(10,2) NOT NULL,
  `status` enum('PENDING','COMPLETED','CANCELLED','REFUNDED') NOT NULL,
  `due_at` timestamp NOT NULL,
  `created_at` timestamp NOT NULL DEFAULT CURRENT_TIMESTAMP,
  `updated_at` timestamp NOT NULL DEFAULT CURRENT_TIMESTAMP ON UPDATE CURRENT_TIMESTAMP,
  `payment_method` varchar(30) DEFAULT NULL,
  `transaction_reference` varchar(120) DEFAULT NULL,
  `receipt_filename` varchar(255) DEFAULT NULL,
  `receipt_content_type` varchar(120) DEFAULT NULL,
  `receipt_storage_path` varchar(500) DEFAULT NULL,
  `paid_at` timestamp NULL DEFAULT NULL,
  PRIMARY KEY (`id`),
  UNIQUE KEY `unique_payment_booking` (`booking_id`),
  KEY `fk_payments_student` (`student_id`),
  KEY `idx_payments_status` (`status`),
  CONSTRAINT `fk_payments_booking` FOREIGN KEY (`booking_id`) REFERENCES `bookings` (`id`) ON DELETE CASCADE,
  CONSTRAINT `fk_payments_student` FOREIGN KEY (`student_id`) REFERENCES `students` (`id`) ON DELETE CASCADE
) ENGINE=InnoDB AUTO_INCREMENT=17 DEFAULT CHARSET=utf8mb4 COLLATE=utf8mb4_0900_ai_ci;
/*!40101 SET character_set_client = @saved_cs_client */;

--
-- Dumping data for table `payments`
--

LOCK TABLES `payments` WRITE;
/*!40000 ALTER TABLE `payments` DISABLE KEYS */;
INSERT INTO `payments` VALUES (1,8,4,3500.00,'COMPLETED','2026-03-16 15:31:31','2026-03-16 15:01:31','2026-03-16 15:06:21','TELECEL_CASH','daniel','WIN_20260218_16_04_11_Pro.jpg','image/jpeg','uploads/payment-receipts/receipt_8_4_1773673356726.jpg','2026-03-16 15:02:37'),(2,19,5,3500.00,'COMPLETED','2026-03-16 15:44:40','2026-03-16 15:14:40','2026-03-16 15:19:24',NULL,NULL,NULL,NULL,NULL,'2026-03-16 15:19:24'),(3,20,6,3500.00,'COMPLETED','2026-03-16 16:09:09','2026-03-16 15:39:09','2026-03-16 15:40:12',NULL,NULL,NULL,NULL,NULL,'2026-03-16 15:40:12'),(4,27,7,0.00,'CANCELLED','2026-04-16 06:28:11','2026-04-16 05:58:11','2026-04-16 06:28:39',NULL,NULL,NULL,NULL,NULL,NULL),(5,28,8,0.00,'CANCELLED','2026-04-16 06:32:06','2026-04-16 06:02:06','2026-04-16 06:33:41',NULL,NULL,NULL,NULL,NULL,NULL),(6,29,9,0.00,'COMPLETED','2026-04-16 06:36:22','2026-04-16 06:06:22','2026-04-16 06:06:39',NULL,NULL,NULL,NULL,NULL,'2026-04-16 06:06:39'),(7,30,10,0.00,'COMPLETED','2026-04-16 06:37:54','2026-04-16 06:07:54','2026-04-16 06:08:12',NULL,NULL,NULL,NULL,NULL,'2026-04-16 06:08:12'),(8,31,11,4000.00,'COMPLETED','2026-04-16 06:51:45','2026-04-16 06:21:45','2026-04-16 06:21:59',NULL,NULL,NULL,NULL,NULL,'2026-04-16 06:21:59'),(9,32,12,4000.00,'COMPLETED','2026-04-16 06:53:57','2026-04-16 06:23:57','2026-04-16 06:24:08',NULL,NULL,NULL,NULL,NULL,'2026-04-16 06:24:08'),(10,33,13,4000.00,'COMPLETED','2026-04-16 06:57:29','2026-04-16 06:27:29','2026-04-16 06:27:43',NULL,NULL,NULL,NULL,NULL,'2026-04-16 06:27:43'),(11,34,14,4000.00,'COMPLETED','2026-04-16 07:02:46','2026-04-16 06:32:46','2026-04-16 06:32:46',NULL,NULL,NULL,NULL,NULL,'2026-04-16 06:32:46'),(12,35,15,4000.00,'COMPLETED','2026-04-16 07:12:26','2026-04-16 06:42:26','2026-04-16 06:42:27',NULL,NULL,NULL,NULL,NULL,'2026-04-16 06:42:27'),(13,36,16,4000.00,'COMPLETED','2026-04-16 07:14:19','2026-04-16 06:44:19','2026-04-16 06:44:20',NULL,NULL,NULL,NULL,NULL,'2026-04-16 06:44:20'),(14,37,17,4000.00,'COMPLETED','2026-04-16 07:17:58','2026-04-16 06:47:58','2026-04-16 06:47:59',NULL,NULL,NULL,NULL,NULL,'2026-04-16 06:47:59'),(15,38,18,4000.00,'CANCELLED','2026-04-16 07:18:25','2026-04-16 06:48:25','2026-04-16 07:19:26',NULL,NULL,NULL,NULL,NULL,NULL),(16,39,19,4000.00,'CANCELLED','2026-04-16 07:20:25','2026-04-16 06:50:25','2026-04-16 07:20:27',NULL,NULL,NULL,NULL,NULL,NULL);
/*!40000 ALTER TABLE `payments` ENABLE KEYS */;
UNLOCK TABLES;

--
-- Table structure for table `rooms`
--

DROP TABLE IF EXISTS `rooms`;
/*!40101 SET @saved_cs_client     = @@character_set_client */;
/*!50503 SET character_set_client = utf8mb4 */;
CREATE TABLE `rooms` (
  `id` bigint NOT NULL AUTO_INCREMENT,
  `hostel_id` bigint NOT NULL,
  `room_number` varchar(20) NOT NULL,
  `capacity` int NOT NULL DEFAULT '2',
  `current_occupancy` int NOT NULL DEFAULT '0',
  `room_gender` enum('MALE','FEMALE') NOT NULL,
  `mattress_type` enum('NORMAL','QUEEN') NOT NULL DEFAULT 'NORMAL',
  `has_ac` tinyint(1) NOT NULL DEFAULT '0',
  `has_wifi` tinyint(1) NOT NULL DEFAULT '1',
  `status` enum('AVAILABLE','FULL') NOT NULL DEFAULT 'AVAILABLE',
  `price` decimal(10,2) NOT NULL DEFAULT '0.00',
  `floor_number` int NOT NULL DEFAULT '1',
  `version` bigint NOT NULL DEFAULT '0',
  `created_at` timestamp NOT NULL DEFAULT CURRENT_TIMESTAMP,
  `updated_at` timestamp NOT NULL DEFAULT CURRENT_TIMESTAMP ON UPDATE CURRENT_TIMESTAMP,
  `room_type` varchar(20) NOT NULL DEFAULT 'STANDARD' COMMENT 'Room classification: STANDARD, SINGLE, DOUBLE, SUITE, DORMITORY',
  PRIMARY KEY (`id`),
  UNIQUE KEY `unique_room` (`hostel_id`,`room_number`),
  KEY `idx_rooms_hostel` (`hostel_id`),
  KEY `idx_rooms_gender` (`room_gender`),
  KEY `idx_rooms_status` (`status`),
  CONSTRAINT `fk_rooms_hostel` FOREIGN KEY (`hostel_id`) REFERENCES `hostels` (`id`) ON DELETE CASCADE
) ENGINE=InnoDB AUTO_INCREMENT=192 DEFAULT CHARSET=utf8mb4 COLLATE=utf8mb4_0900_ai_ci;
/*!40101 SET character_set_client = @saved_cs_client */;

--
-- Dumping data for table `rooms`
--

LOCK TABLES `rooms` WRITE;
/*!40000 ALTER TABLE `rooms` DISABLE KEYS */;
INSERT INTO `rooms` VALUES (1,1,'MB100',4,1,'MALE','NORMAL',0,1,'AVAILABLE',3500.00,1,2,'2026-03-16 14:52:06','2026-03-26 03:05:32','STANDARD'),(2,1,'MB101',4,0,'MALE','NORMAL',0,1,'AVAILABLE',3500.00,1,1,'2026-03-16 14:53:34','2026-03-26 03:06:07','STANDARD'),(3,1,'MB102',4,1,'MALE','NORMAL',0,1,'AVAILABLE',3500.00,1,2,'2026-03-16 14:53:55','2026-03-26 03:07:02','STANDARD'),(4,2,'KM100',4,1,'MALE','NORMAL',0,1,'AVAILABLE',3500.00,1,3,'2026-03-16 14:55:52','2026-03-28 21:07:04','STANDARD'),(5,4,'M100',4,0,'MALE','NORMAL',0,1,'AVAILABLE',4000.00,4,3,'2026-03-25 15:25:04','2026-03-26 02:47:19','STANDARD'),(6,4,'M101',4,4,'MALE','NORMAL',0,1,'FULL',4000.00,1,5,'2026-03-25 15:25:26','2026-04-16 06:32:46','STANDARD'),(7,4,'M102',4,4,'MALE','NORMAL',0,1,'FULL',4000.00,1,5,'2026-03-25 15:25:58','2026-04-16 06:48:25','STANDARD'),(8,4,'M103',4,1,'MALE','NORMAL',0,1,'AVAILABLE',4000.00,1,2,'2026-03-25 15:26:51','2026-04-16 06:50:25','STANDARD'),(9,4,'M104',4,0,'MALE','NORMAL',0,1,'AVAILABLE',4000.00,1,1,'2026-03-25 15:27:16','2026-03-25 15:28:16','STANDARD'),(10,4,'M105',4,0,'MALE','NORMAL',0,1,'AVAILABLE',4000.00,1,0,'2026-03-25 15:28:00','2026-03-25 15:28:00','STANDARD'),(11,4,'M106',4,0,'MALE','NORMAL',0,1,'AVAILABLE',4000.00,1,0,'2026-03-25 15:29:40','2026-03-25 15:29:40','STANDARD'),(12,4,'M107',4,0,'MALE','NORMAL',0,1,'AVAILABLE',4000.00,1,0,'2026-03-25 15:30:09','2026-03-25 15:30:09','STANDARD'),(13,4,'M108',4,4,'MALE','NORMAL',0,1,'FULL',0.00,1,4,'2026-03-25 15:31:28','2026-04-16 06:07:54','STANDARD'),(14,4,'F100',4,0,'FEMALE','NORMAL',0,1,'AVAILABLE',4000.00,2,0,'2026-03-25 15:38:39','2026-03-25 15:38:39','STANDARD'),(15,4,'F101',4,0,'FEMALE','NORMAL',0,1,'AVAILABLE',4000.00,2,0,'2026-03-25 15:39:34','2026-03-25 15:39:34','STANDARD'),(16,4,'F102',4,0,'FEMALE','NORMAL',0,1,'AVAILABLE',4000.00,2,0,'2026-03-25 15:40:10','2026-03-25 15:40:10','STANDARD'),(17,4,'F103',4,0,'FEMALE','NORMAL',0,1,'AVAILABLE',4000.00,2,0,'2026-03-25 15:40:42','2026-03-25 15:40:42','STANDARD'),(18,4,'F104',4,0,'FEMALE','NORMAL',0,1,'AVAILABLE',4000.00,2,0,'2026-03-25 15:41:21','2026-03-25 15:41:21','STANDARD'),(19,4,'F105',4,0,'FEMALE','NORMAL',0,1,'AVAILABLE',4000.00,2,0,'2026-03-25 15:41:59','2026-03-25 15:41:59','STANDARD'),(20,4,'F106',4,0,'FEMALE','NORMAL',0,1,'AVAILABLE',4000.00,2,0,'2026-03-25 15:42:32','2026-03-25 15:42:32','STANDARD'),(21,4,'F107',4,0,'FEMALE','NORMAL',0,1,'AVAILABLE',4000.00,2,0,'2026-03-25 15:43:07','2026-03-25 15:43:07','STANDARD'),(22,4,'F108',4,0,'FEMALE','NORMAL',0,1,'AVAILABLE',4000.00,2,0,'2026-03-25 15:45:08','2026-03-25 15:45:08','STANDARD'),(23,4,'F1001',3,0,'FEMALE','QUEEN',0,1,'AVAILABLE',4300.00,3,1,'2026-03-25 15:46:58','2026-03-25 16:02:38','STANDARD'),(24,4,'F1002',3,0,'FEMALE','QUEEN',0,1,'AVAILABLE',4300.00,3,1,'2026-03-25 15:47:54','2026-03-25 16:02:58','STANDARD'),(25,4,'F1003',3,0,'FEMALE','QUEEN',0,1,'AVAILABLE',4300.00,3,1,'2026-03-25 16:03:56','2026-03-25 16:04:45','STANDARD'),(26,4,'F1004',3,0,'FEMALE','QUEEN',0,1,'AVAILABLE',4300.00,3,0,'2026-03-25 16:04:31','2026-03-25 16:04:31','STANDARD'),(27,4,'F1005',2,0,'FEMALE','QUEEN',1,1,'AVAILABLE',4600.00,3,0,'2026-03-25 16:07:22','2026-03-25 16:07:22','STANDARD'),(28,4,'F1006',2,0,'FEMALE','QUEEN',1,1,'AVAILABLE',4600.00,3,0,'2026-03-25 16:07:59','2026-03-25 16:07:59','STANDARD'),(29,4,'F1007',2,0,'FEMALE','QUEEN',1,1,'AVAILABLE',4600.00,3,0,'2026-03-25 16:08:38','2026-03-25 16:08:38','STANDARD'),(30,4,'F1008',2,0,'FEMALE','NORMAL',1,1,'AVAILABLE',4600.00,3,0,'2026-03-25 16:10:38','2026-03-25 16:10:38','STANDARD'),(31,4,'M1000',1,0,'MALE','QUEEN',1,1,'AVAILABLE',5000.00,4,1,'2026-03-25 16:11:22','2026-03-25 16:22:20','STANDARD'),(32,4,'M1001',3,0,'MALE','NORMAL',0,1,'AVAILABLE',4300.00,4,0,'2026-03-25 16:13:36','2026-03-25 16:13:36','STANDARD'),(33,4,'M1002',3,0,'MALE','NORMAL',0,1,'AVAILABLE',4300.00,4,0,'2026-03-25 16:14:58','2026-03-25 16:14:58','STANDARD'),(34,4,'M1004',3,0,'MALE','QUEEN',0,1,'AVAILABLE',4300.00,4,0,'2026-03-25 16:15:36','2026-03-25 16:15:36','STANDARD'),(35,4,'M1005',2,0,'MALE','QUEEN',1,1,'AVAILABLE',4600.00,4,0,'2026-03-25 16:17:36','2026-03-25 16:17:36','STANDARD'),(36,4,'M1006',2,0,'MALE','QUEEN',1,1,'AVAILABLE',4600.00,4,0,'2026-03-25 16:18:07','2026-03-25 16:18:07','STANDARD'),(37,4,'M1007',2,0,'MALE','QUEEN',1,1,'AVAILABLE',4600.00,4,0,'2026-03-25 16:18:51','2026-03-25 16:18:51','STANDARD'),(38,4,'M1008',2,0,'MALE','QUEEN',1,1,'AVAILABLE',4600.00,4,0,'2026-03-25 16:20:45','2026-03-25 16:20:45','STANDARD'),(39,4,'F1000',1,0,'FEMALE','QUEEN',1,1,'AVAILABLE',5000.00,3,0,'2026-03-26 02:48:37','2026-03-26 02:48:37','STANDARD'),(40,1,'MB103',4,0,'MALE','NORMAL',0,1,'AVAILABLE',3500.00,1,0,'2026-03-26 03:07:35','2026-03-26 03:07:35','STANDARD'),(41,1,'MB104',4,0,'MALE','NORMAL',0,1,'AVAILABLE',3500.00,1,0,'2026-03-26 03:07:59','2026-03-26 03:07:59','STANDARD'),(42,1,'MB105',4,0,'MALE','NORMAL',0,1,'AVAILABLE',3500.00,1,0,'2026-03-26 03:08:18','2026-03-26 03:08:18','STANDARD'),(43,1,'MB106',4,0,'MALE','NORMAL',0,1,'AVAILABLE',3500.00,1,0,'2026-03-26 03:08:57','2026-03-26 03:08:57','STANDARD'),(44,1,'MB107',4,0,'MALE','NORMAL',0,1,'AVAILABLE',3500.00,1,0,'2026-03-26 03:09:27','2026-03-26 03:09:27','STANDARD'),(45,1,'MB108',4,0,'MALE','NORMAL',0,1,'AVAILABLE',3500.00,1,0,'2026-03-26 03:09:57','2026-03-26 03:09:57','STANDARD'),(46,1,'FB100',4,0,'FEMALE','NORMAL',0,1,'AVAILABLE',3500.00,2,1,'2026-03-26 03:11:24','2026-03-26 03:12:11','STANDARD'),(47,1,'FB101',4,0,'FEMALE','NORMAL',0,1,'AVAILABLE',3500.00,2,0,'2026-03-26 03:12:48','2026-03-26 03:12:48','STANDARD'),(48,1,'FB102',4,0,'FEMALE','NORMAL',0,1,'AVAILABLE',3500.00,2,0,'2026-03-26 03:14:02','2026-03-26 03:14:02','STANDARD'),(49,1,'FB103',4,0,'FEMALE','NORMAL',0,1,'AVAILABLE',3500.00,2,0,'2026-03-26 03:15:09','2026-03-26 03:15:09','STANDARD'),(50,1,'FB104',4,0,'FEMALE','NORMAL',0,1,'AVAILABLE',3500.00,2,0,'2026-03-26 03:16:00','2026-03-26 03:16:00','STANDARD'),(51,1,'FB105',4,0,'FEMALE','NORMAL',0,1,'AVAILABLE',3500.00,2,0,'2026-03-26 03:16:56','2026-03-26 03:16:56','STANDARD'),(52,1,'FB106',3,0,'FEMALE','NORMAL',0,1,'AVAILABLE',3700.00,2,0,'2026-03-26 03:18:05','2026-03-26 03:18:05','STANDARD'),(53,1,'FB107',3,0,'FEMALE','NORMAL',0,1,'AVAILABLE',3700.00,2,0,'2026-03-26 03:19:04','2026-03-26 03:19:04','STANDARD'),(54,1,'FB108',3,0,'FEMALE','NORMAL',0,1,'AVAILABLE',3700.00,2,0,'2026-03-26 03:20:12','2026-03-26 03:20:12','STANDARD'),(55,1,'FB1000',3,0,'FEMALE','QUEEN',0,1,'AVAILABLE',4000.00,3,0,'2026-03-26 03:21:53','2026-03-26 03:21:53','STANDARD'),(56,1,'FB1001',3,0,'FEMALE','QUEEN',0,1,'AVAILABLE',4000.00,3,0,'2026-03-26 03:22:59','2026-03-26 03:22:59','STANDARD'),(57,1,'FB1002',3,0,'FEMALE','QUEEN',0,1,'AVAILABLE',4000.00,3,0,'2026-03-26 03:24:20','2026-03-26 03:24:20','STANDARD'),(58,1,'FB1003',3,0,'FEMALE','QUEEN',0,1,'AVAILABLE',4000.00,3,0,'2026-03-26 03:25:28','2026-03-26 03:25:28','STANDARD'),(59,1,'FB1004',2,0,'MALE','QUEEN',1,1,'AVAILABLE',4500.00,1,0,'2026-03-26 03:26:33','2026-03-26 03:26:33','STANDARD'),(60,1,'FB1006',2,0,'FEMALE','QUEEN',1,1,'AVAILABLE',4500.00,3,1,'2026-03-26 03:27:10','2026-03-26 03:28:48','STANDARD'),(61,1,'FB1005',2,0,'FEMALE','QUEEN',1,1,'AVAILABLE',4500.00,3,0,'2026-03-26 03:27:53','2026-03-26 03:27:53','STANDARD'),(62,1,'FB1007',1,0,'FEMALE','QUEEN',1,1,'AVAILABLE',4796.00,3,0,'2026-03-26 03:29:50','2026-03-26 03:29:50','STANDARD'),(63,1,'FB1008',1,0,'FEMALE','NORMAL',1,1,'AVAILABLE',4800.00,3,0,'2026-03-26 03:31:02','2026-03-26 03:31:02','STANDARD'),(64,6,'RF100',4,0,'FEMALE','NORMAL',0,1,'AVAILABLE',3700.00,1,1,'2026-03-27 16:10:25','2026-03-27 16:10:52','STANDARD'),(65,6,'RF101',4,0,'FEMALE','NORMAL',0,1,'AVAILABLE',3700.00,1,0,'2026-03-27 16:11:26','2026-03-27 16:11:26','STANDARD'),(66,6,'RF102',4,0,'FEMALE','NORMAL',0,1,'AVAILABLE',3700.00,1,0,'2026-03-27 16:11:56','2026-03-27 16:11:56','STANDARD'),(67,6,'RF103',4,0,'FEMALE','NORMAL',0,1,'AVAILABLE',3700.00,1,0,'2026-03-27 16:12:21','2026-03-27 16:12:21','STANDARD'),(68,6,'RF104',4,0,'FEMALE','NORMAL',0,1,'AVAILABLE',3700.00,1,0,'2026-03-27 16:12:55','2026-03-27 16:12:55','STANDARD'),(69,6,'RF105',4,0,'FEMALE','NORMAL',0,1,'AVAILABLE',3700.00,1,0,'2026-03-27 16:13:39','2026-03-27 16:13:39','STANDARD'),(70,6,'RF106',4,0,'FEMALE','NORMAL',0,1,'AVAILABLE',3700.00,1,0,'2026-03-27 16:14:05','2026-03-27 16:14:05','STANDARD'),(71,6,'RF107',4,0,'FEMALE','NORMAL',0,1,'AVAILABLE',3700.00,1,0,'2026-03-27 16:14:38','2026-03-27 16:14:38','STANDARD'),(72,6,'RF108',4,0,'FEMALE','NORMAL',0,1,'AVAILABLE',3700.00,1,0,'2026-03-27 16:15:01','2026-03-27 16:15:01','STANDARD'),(73,6,'RF109',4,0,'FEMALE','NORMAL',0,1,'AVAILABLE',3700.00,1,0,'2026-03-27 16:15:35','2026-03-27 16:15:35','STANDARD'),(74,6,'RM100',4,0,'MALE','NORMAL',0,1,'AVAILABLE',3700.00,2,0,'2026-03-27 16:16:04','2026-03-27 16:16:04','STANDARD'),(75,6,'RM101',4,0,'MALE','NORMAL',0,1,'AVAILABLE',3700.00,2,0,'2026-03-27 16:16:30','2026-03-27 16:16:30','STANDARD'),(76,6,'RM102',4,0,'MALE','NORMAL',0,1,'AVAILABLE',3700.00,2,0,'2026-03-27 16:16:59','2026-03-27 16:16:59','STANDARD'),(77,6,'RM103',4,0,'MALE','NORMAL',0,1,'AVAILABLE',0.00,2,0,'2026-03-27 16:17:24','2026-03-27 16:17:24','STANDARD'),(78,6,'RM104',4,0,'MALE','NORMAL',0,1,'AVAILABLE',3700.00,2,0,'2026-03-27 16:17:55','2026-03-27 16:17:55','STANDARD'),(79,6,'RM105',4,0,'MALE','NORMAL',0,1,'AVAILABLE',0.00,2,0,'2026-03-27 16:18:27','2026-03-27 16:18:27','STANDARD'),(80,6,'RM106',4,0,'MALE','NORMAL',0,1,'AVAILABLE',3700.00,2,0,'2026-03-27 16:19:02','2026-03-27 16:19:02','STANDARD'),(81,6,'RM107',4,0,'MALE','NORMAL',0,1,'AVAILABLE',3700.00,2,0,'2026-03-27 16:19:29','2026-03-27 16:19:29','STANDARD'),(82,6,'RM108',4,0,'MALE','NORMAL',0,1,'AVAILABLE',3700.00,2,0,'2026-03-27 16:19:52','2026-03-27 16:19:52','STANDARD'),(83,6,'RM109',4,0,'MALE','NORMAL',0,1,'AVAILABLE',3700.00,2,0,'2026-03-27 16:20:28','2026-03-27 16:20:28','STANDARD'),(84,2,'KM101',4,0,'MALE','NORMAL',0,1,'AVAILABLE',3500.00,1,1,'2026-03-28 20:53:34','2026-03-28 21:07:12','STANDARD'),(85,2,'KM103',4,0,'MALE','NORMAL',0,1,'AVAILABLE',3500.00,1,1,'2026-03-28 20:54:27','2026-03-28 21:07:20','STANDARD'),(86,3,'AM100',4,0,'MALE','NORMAL',0,1,'AVAILABLE',3500.00,1,1,'2026-03-28 20:55:09','2026-03-28 21:22:31','STANDARD'),(87,2,'KM105',5,0,'MALE','NORMAL',0,1,'AVAILABLE',3500.00,1,1,'2026-03-28 20:55:37','2026-03-28 21:07:29','STANDARD'),(88,2,'KM106',4,0,'MALE','NORMAL',0,1,'AVAILABLE',3500.00,1,1,'2026-03-28 20:56:07','2026-03-28 21:07:37','STANDARD'),(89,2,'KM107',4,0,'MALE','NORMAL',0,1,'AVAILABLE',3500.00,1,1,'2026-03-28 20:56:33','2026-03-28 21:07:47','STANDARD'),(90,2,'KM108',4,0,'MALE','NORMAL',0,1,'AVAILABLE',3500.00,1,2,'2026-03-28 20:56:52','2026-03-28 21:07:57','STANDARD'),(91,2,'KM109',4,0,'MALE','NORMAL',0,1,'AVAILABLE',3500.00,1,1,'2026-03-28 20:58:07','2026-03-28 21:08:07','STANDARD'),(92,2,'KF100',4,0,'FEMALE','NORMAL',0,1,'AVAILABLE',3500.00,2,0,'2026-03-28 20:58:58','2026-03-28 20:58:58','STANDARD'),(93,2,'KF101',4,0,'FEMALE','NORMAL',0,1,'AVAILABLE',3500.00,2,0,'2026-03-28 20:59:35','2026-03-28 20:59:35','STANDARD'),(94,2,'KF102',4,0,'FEMALE','NORMAL',0,1,'AVAILABLE',3500.00,2,0,'2026-03-28 21:00:20','2026-03-28 21:00:20','STANDARD'),(95,2,'KF103',4,0,'FEMALE','NORMAL',0,1,'AVAILABLE',3500.00,2,0,'2026-03-28 21:01:19','2026-03-28 21:01:19','STANDARD'),(96,2,'KF104',4,0,'FEMALE','NORMAL',0,1,'AVAILABLE',3500.00,2,0,'2026-03-28 21:02:04','2026-03-28 21:02:04','STANDARD'),(97,2,'KF105',4,0,'FEMALE','NORMAL',0,1,'AVAILABLE',3496.00,2,0,'2026-03-28 21:02:34','2026-03-28 21:02:34','STANDARD'),(98,2,'KF106',4,0,'FEMALE','NORMAL',0,1,'AVAILABLE',0.00,2,0,'2026-03-28 21:03:03','2026-03-28 21:03:03','STANDARD'),(99,2,'KF108',4,0,'FEMALE','NORMAL',0,1,'AVAILABLE',3500.00,2,0,'2026-03-28 21:03:48','2026-03-28 21:03:48','STANDARD'),(100,2,'KF109',4,0,'FEMALE','NORMAL',0,1,'AVAILABLE',3500.00,2,0,'2026-03-28 21:04:51','2026-03-28 21:04:51','STANDARD'),(101,2,'KF107',4,0,'FEMALE','NORMAL',0,1,'AVAILABLE',3500.00,2,0,'2026-03-28 21:05:22','2026-03-28 21:05:22','STANDARD'),(102,2,'KM102',4,0,'MALE','NORMAL',0,1,'AVAILABLE',3500.00,1,0,'2026-03-28 21:06:07','2026-03-28 21:06:07','STANDARD'),(103,1,'KM104',4,0,'MALE','NORMAL',0,1,'AVAILABLE',3500.00,1,0,'2026-03-28 21:06:29','2026-03-28 21:06:29','STANDARD'),(104,3,'AM101',4,0,'MALE','NORMAL',0,1,'AVAILABLE',3500.00,1,0,'2026-03-28 21:23:01','2026-03-28 21:23:01','STANDARD'),(105,3,'AM102',4,0,'MALE','NORMAL',0,1,'AVAILABLE',3500.00,1,0,'2026-03-28 21:23:22','2026-03-28 21:23:22','STANDARD'),(106,3,'AM103',4,0,'MALE','NORMAL',0,1,'AVAILABLE',3500.00,1,0,'2026-03-28 21:23:41','2026-03-28 21:23:41','STANDARD'),(107,3,'AM104',4,0,'MALE','NORMAL',0,1,'AVAILABLE',3500.00,1,0,'2026-03-28 21:24:05','2026-03-28 21:24:05','STANDARD'),(108,3,'AM105',5,0,'MALE','NORMAL',0,1,'AVAILABLE',3500.00,1,0,'2026-03-28 21:24:27','2026-03-28 21:24:27','STANDARD'),(109,3,'AM106',4,0,'MALE','NORMAL',0,1,'AVAILABLE',3500.00,1,0,'2026-03-28 21:25:09','2026-03-28 21:25:09','STANDARD'),(110,3,'AM107',4,0,'MALE','NORMAL',0,1,'AVAILABLE',3500.00,1,0,'2026-03-28 21:25:33','2026-03-28 21:25:33','STANDARD'),(111,3,'AM108',4,0,'MALE','NORMAL',0,1,'AVAILABLE',3500.00,1,0,'2026-03-28 21:26:06','2026-03-28 21:26:06','STANDARD'),(112,3,'AM109',4,0,'MALE','NORMAL',0,1,'AVAILABLE',3499.00,1,0,'2026-03-28 21:26:38','2026-03-28 21:26:38','STANDARD'),(113,3,'AF100',4,0,'FEMALE','NORMAL',0,1,'AVAILABLE',3500.00,2,0,'2026-03-28 21:27:09','2026-03-28 21:27:09','STANDARD'),(114,3,'AF101',4,0,'FEMALE','NORMAL',0,1,'AVAILABLE',3500.00,2,1,'2026-03-28 21:27:32','2026-03-28 21:28:45','STANDARD'),(115,3,'AF102',4,0,'FEMALE','NORMAL',0,1,'AVAILABLE',3500.00,2,0,'2026-03-28 21:28:01','2026-03-28 21:28:01','STANDARD'),(116,3,'AF103',4,0,'FEMALE','NORMAL',0,1,'AVAILABLE',3500.00,2,0,'2026-03-28 21:28:31','2026-03-28 21:28:31','STANDARD'),(117,3,'AF104',4,0,'FEMALE','NORMAL',0,1,'AVAILABLE',0.00,2,0,'2026-03-28 21:29:18','2026-03-28 21:29:18','STANDARD'),(118,3,'AF105',4,0,'FEMALE','NORMAL',0,1,'AVAILABLE',3500.00,2,0,'2026-03-28 21:30:04','2026-03-28 21:30:04','STANDARD'),(119,3,'AF106',4,0,'FEMALE','NORMAL',0,1,'AVAILABLE',3500.00,2,0,'2026-03-28 21:30:31','2026-03-28 21:30:31','STANDARD'),(120,3,'AF107',4,0,'FEMALE','NORMAL',0,1,'AVAILABLE',3500.00,2,0,'2026-03-28 21:31:21','2026-03-28 21:31:21','STANDARD'),(121,3,'AF108',4,0,'FEMALE','NORMAL',0,1,'AVAILABLE',0.00,2,0,'2026-03-28 21:33:43','2026-03-28 21:33:43','STANDARD'),(122,3,'AF109',4,0,'FEMALE','NORMAL',0,1,'AVAILABLE',3500.00,2,0,'2026-03-28 21:34:12','2026-03-28 21:34:12','STANDARD'),(123,3,'AF1001',3,0,'FEMALE','QUEEN',0,1,'AVAILABLE',3700.00,3,1,'2026-03-28 21:35:33','2026-03-28 21:36:23','STANDARD'),(124,3,'AF1002',4,0,'FEMALE','QUEEN',0,1,'AVAILABLE',3700.00,3,0,'2026-03-28 21:36:10','2026-03-28 21:36:10','STANDARD'),(125,3,'AF1003',3,0,'FEMALE','QUEEN',0,1,'AVAILABLE',3700.00,3,0,'2026-03-28 21:40:44','2026-03-28 21:40:44','STANDARD'),(126,3,'AF1004',3,0,'FEMALE','NORMAL',0,1,'AVAILABLE',3700.00,3,0,'2026-03-28 21:41:16','2026-03-28 21:41:16','STANDARD'),(127,3,'AF1005',3,0,'FEMALE','QUEEN',0,1,'AVAILABLE',3700.00,3,0,'2026-03-28 21:42:13','2026-03-28 21:42:13','STANDARD'),(128,3,'AF1006',3,0,'FEMALE','QUEEN',0,1,'AVAILABLE',3700.00,3,0,'2026-03-28 21:42:50','2026-03-28 21:42:50','STANDARD'),(129,3,'AF1007',3,0,'FEMALE','QUEEN',0,1,'AVAILABLE',3700.00,3,0,'2026-03-28 21:43:33','2026-03-28 21:43:33','STANDARD'),(130,3,'AF1008',3,0,'FEMALE','QUEEN',0,1,'AVAILABLE',3500.00,3,0,'2026-03-28 21:44:08','2026-03-28 21:44:08','STANDARD'),(131,3,'AF1009',3,0,'FEMALE','QUEEN',0,1,'AVAILABLE',3700.00,3,0,'2026-03-28 21:44:42','2026-03-28 21:44:42','STANDARD'),(132,3,'AF110',3,0,'FEMALE','QUEEN',0,1,'AVAILABLE',3700.00,2,0,'2026-03-28 21:45:14','2026-03-28 21:45:14','STANDARD'),(133,5,'ZM100',4,0,'MALE','NORMAL',0,1,'AVAILABLE',3500.00,1,0,'2026-03-28 21:46:37','2026-03-28 21:46:37','STANDARD'),(134,5,'ZM101',4,0,'MALE','NORMAL',0,1,'AVAILABLE',3500.00,1,0,'2026-03-28 21:47:01','2026-03-28 21:47:01','STANDARD'),(135,5,'ZM102',4,0,'MALE','NORMAL',0,1,'AVAILABLE',3500.00,1,0,'2026-03-28 21:47:25','2026-03-28 21:47:25','STANDARD'),(136,5,'ZM103',4,0,'MALE','NORMAL',0,1,'AVAILABLE',3500.00,1,0,'2026-03-28 21:47:46','2026-03-28 21:47:46','STANDARD'),(137,5,'ZM104',4,0,'MALE','NORMAL',0,1,'AVAILABLE',3498.00,1,0,'2026-03-28 21:48:08','2026-03-28 21:48:08','STANDARD'),(138,5,'ZM105',4,0,'MALE','NORMAL',0,1,'AVAILABLE',3500.00,1,0,'2026-03-28 21:49:53','2026-03-28 21:49:53','STANDARD'),(139,5,'ZM106',4,0,'MALE','NORMAL',0,1,'AVAILABLE',3500.00,1,0,'2026-03-28 21:50:18','2026-03-28 21:50:18','STANDARD'),(140,5,'ZM107',4,0,'MALE','NORMAL',0,1,'AVAILABLE',3500.00,1,0,'2026-03-28 21:50:40','2026-03-28 21:50:40','STANDARD'),(141,5,'ZM108',4,0,'MALE','NORMAL',0,1,'AVAILABLE',3500.00,1,0,'2026-03-28 21:51:06','2026-03-28 21:51:06','STANDARD'),(142,5,'ZM110',4,0,'MALE','NORMAL',0,1,'AVAILABLE',3500.00,1,1,'2026-03-28 21:51:31','2026-03-28 21:59:30','STANDARD'),(143,5,'ZM109',4,0,'MALE','NORMAL',0,1,'AVAILABLE',3500.00,1,0,'2026-03-28 21:52:00','2026-03-28 21:52:00','STANDARD'),(144,5,'ZF100',4,0,'FEMALE','NORMAL',0,1,'AVAILABLE',3500.00,2,0,'2026-03-28 21:52:51','2026-03-28 21:52:51','STANDARD'),(145,5,'ZF101',4,0,'FEMALE','NORMAL',0,1,'AVAILABLE',3500.00,2,0,'2026-03-28 21:53:23','2026-03-28 21:53:23','STANDARD'),(146,5,'ZF102',4,0,'FEMALE','NORMAL',0,1,'AVAILABLE',3500.00,2,0,'2026-03-28 21:53:54','2026-03-28 21:53:54','STANDARD'),(147,5,'ZF103',4,0,'FEMALE','NORMAL',0,1,'AVAILABLE',3500.00,2,0,'2026-03-28 21:54:22','2026-03-28 21:54:22','STANDARD'),(148,3,'ZF104',4,0,'FEMALE','NORMAL',0,1,'AVAILABLE',3500.00,2,0,'2026-03-28 21:54:49','2026-03-28 21:54:49','STANDARD'),(149,5,'ZF105',4,0,'FEMALE','NORMAL',0,1,'AVAILABLE',3500.00,2,0,'2026-03-28 21:55:18','2026-03-28 21:55:18','STANDARD'),(150,5,'ZF106',4,0,'FEMALE','NORMAL',0,1,'AVAILABLE',3500.00,2,0,'2026-03-28 21:55:43','2026-03-28 21:55:43','STANDARD'),(151,5,'ZF107',4,0,'FEMALE','NORMAL',0,1,'AVAILABLE',3500.00,2,0,'2026-03-28 21:56:13','2026-03-28 21:56:13','STANDARD'),(152,5,'ZF108',4,0,'FEMALE','NORMAL',0,1,'AVAILABLE',3500.00,2,0,'2026-03-28 22:00:30','2026-03-28 22:00:30','STANDARD'),(153,5,'ZF109',4,0,'FEMALE','NORMAL',0,1,'AVAILABLE',3500.00,2,0,'2026-03-28 22:03:10','2026-03-28 22:03:10','STANDARD'),(154,7,'B100',4,0,'MALE','NORMAL',0,1,'AVAILABLE',3500.00,1,0,'2026-03-28 22:10:02','2026-03-28 22:10:02','STANDARD'),(155,7,'B101',4,0,'MALE','NORMAL',0,1,'AVAILABLE',3500.00,1,0,'2026-03-28 22:10:29','2026-03-28 22:10:29','STANDARD'),(156,7,'B102',4,0,'MALE','NORMAL',0,1,'AVAILABLE',3500.00,1,0,'2026-03-28 22:10:56','2026-03-28 22:10:56','STANDARD'),(157,7,'B103',4,0,'MALE','NORMAL',0,1,'AVAILABLE',3497.00,1,0,'2026-03-28 22:11:20','2026-03-28 22:11:20','STANDARD'),(158,7,'B104',4,0,'MALE','NORMAL',0,1,'AVAILABLE',3500.00,1,0,'2026-03-28 22:11:43','2026-03-28 22:11:43','STANDARD'),(159,7,'B105',4,0,'MALE','NORMAL',0,1,'AVAILABLE',3500.00,1,0,'2026-03-28 22:12:10','2026-03-28 22:12:10','STANDARD'),(160,7,'B106',4,0,'MALE','NORMAL',0,1,'AVAILABLE',3500.00,1,0,'2026-03-28 22:12:30','2026-03-28 22:12:30','STANDARD'),(161,7,'B107',4,0,'MALE','NORMAL',0,1,'AVAILABLE',3500.00,1,0,'2026-03-28 22:13:02','2026-03-28 22:13:02','STANDARD'),(162,7,'B108',4,0,'MALE','NORMAL',0,1,'AVAILABLE',3500.00,1,0,'2026-03-28 22:14:38','2026-03-28 22:14:38','STANDARD'),(163,7,'B109',4,0,'MALE','NORMAL',0,1,'AVAILABLE',3500.00,1,0,'2026-03-28 22:15:08','2026-03-28 22:15:08','STANDARD'),(164,7,'BF102',4,0,'FEMALE','NORMAL',0,1,'AVAILABLE',3500.00,2,1,'2026-03-28 22:16:00','2026-03-28 22:18:17','STANDARD'),(165,7,'BF100',4,0,'FEMALE','NORMAL',0,1,'AVAILABLE',3500.00,2,0,'2026-03-28 22:16:33','2026-03-28 22:16:33','STANDARD'),(166,7,'BF103',4,0,'FEMALE','NORMAL',0,1,'AVAILABLE',3500.00,2,1,'2026-03-28 22:17:23','2026-03-28 22:19:33','STANDARD'),(167,7,'BF104',4,0,'FEMALE','NORMAL',0,1,'AVAILABLE',3500.00,2,0,'2026-03-28 22:17:57','2026-03-28 22:17:57','STANDARD'),(168,7,'BF105',4,0,'FEMALE','NORMAL',0,1,'AVAILABLE',3500.00,2,1,'2026-03-28 22:18:45','2026-03-28 22:19:16','STANDARD'),(169,7,'BF106',4,0,'FEMALE','NORMAL',0,1,'AVAILABLE',3500.00,2,0,'2026-03-28 22:20:02','2026-03-28 22:20:02','STANDARD'),(170,7,'BF107',4,0,'FEMALE','NORMAL',0,1,'AVAILABLE',3500.00,2,0,'2026-03-28 22:20:40','2026-03-28 22:20:40','STANDARD'),(171,7,'BF108',4,0,'FEMALE','NORMAL',0,1,'AVAILABLE',3500.00,2,0,'2026-03-28 22:21:12','2026-03-28 22:21:12','STANDARD'),(172,7,'BF109',4,0,'FEMALE','NORMAL',0,1,'AVAILABLE',3500.00,2,0,'2026-03-28 22:21:41','2026-03-28 22:21:41','STANDARD'),(173,8,'GM100',4,0,'MALE','NORMAL',0,1,'AVAILABLE',3500.00,1,0,'2026-03-28 22:24:24','2026-03-28 22:24:24','STANDARD'),(174,8,'GM101',4,0,'MALE','NORMAL',0,1,'AVAILABLE',3500.00,1,0,'2026-03-28 22:24:59','2026-03-28 22:24:59','STANDARD'),(175,8,'GM103',3,0,'MALE','NORMAL',0,1,'AVAILABLE',3500.00,1,0,'2026-03-28 22:25:22','2026-03-28 22:25:22','STANDARD'),(176,8,'GM104',4,0,'MALE','NORMAL',0,1,'AVAILABLE',3500.00,1,0,'2026-03-28 22:25:44','2026-03-28 22:25:44','STANDARD'),(177,8,'GM105',4,0,'MALE','NORMAL',0,1,'AVAILABLE',3500.00,1,0,'2026-03-28 22:26:30','2026-03-28 22:26:30','STANDARD'),(178,8,'GM106',4,0,'MALE','NORMAL',0,1,'AVAILABLE',3500.00,1,0,'2026-03-28 22:26:59','2026-03-28 22:26:59','STANDARD'),(179,8,'GM107',4,0,'MALE','NORMAL',0,1,'AVAILABLE',3495.00,1,0,'2026-03-28 22:27:23','2026-03-28 22:27:23','STANDARD'),(180,8,'GM108',4,0,'MALE','NORMAL',0,1,'AVAILABLE',3500.00,1,0,'2026-03-28 22:27:50','2026-03-28 22:27:50','STANDARD'),(181,8,'GM109',4,0,'MALE','NORMAL',0,1,'AVAILABLE',0.00,1,0,'2026-03-28 22:28:18','2026-03-28 22:28:18','STANDARD'),(182,8,'GF100',4,0,'FEMALE','NORMAL',0,1,'AVAILABLE',3500.00,2,0,'2026-03-28 22:29:04','2026-03-28 22:29:04','STANDARD'),(183,8,'GF101',4,0,'FEMALE','NORMAL',0,1,'AVAILABLE',3500.00,2,0,'2026-03-28 22:29:38','2026-03-28 22:29:38','STANDARD'),(184,8,'GF102',4,0,'FEMALE','NORMAL',0,1,'AVAILABLE',3500.00,2,0,'2026-03-28 22:30:21','2026-03-28 22:30:21','STANDARD'),(185,8,'GF103',4,0,'FEMALE','NORMAL',0,1,'AVAILABLE',3500.00,2,0,'2026-03-28 22:30:52','2026-03-28 22:30:52','STANDARD'),(186,8,'GF104',4,0,'FEMALE','NORMAL',0,1,'AVAILABLE',3500.00,2,0,'2026-03-28 22:31:18','2026-03-28 22:31:18','STANDARD'),(187,8,'GF105',4,0,'FEMALE','NORMAL',0,1,'AVAILABLE',3500.00,2,0,'2026-03-28 22:31:55','2026-03-28 22:31:55','STANDARD'),(188,8,'GF106',4,0,'FEMALE','NORMAL',0,1,'AVAILABLE',3500.00,2,0,'2026-03-28 22:32:33','2026-03-28 22:32:33','STANDARD'),(189,8,'GF107',4,0,'FEMALE','NORMAL',0,1,'AVAILABLE',3500.00,2,0,'2026-03-28 22:33:09','2026-03-28 22:33:09','STANDARD'),(190,8,'GF108',4,0,'FEMALE','NORMAL',0,1,'AVAILABLE',3500.00,2,0,'2026-03-28 22:33:40','2026-03-28 22:33:40','STANDARD'),(191,8,'GF109',4,0,'FEMALE','NORMAL',0,1,'AVAILABLE',3500.00,2,0,'2026-03-28 22:34:48','2026-03-28 22:34:48','STANDARD');
/*!40000 ALTER TABLE `rooms` ENABLE KEYS */;
UNLOCK TABLES;

--
-- Table structure for table `students`
--

DROP TABLE IF EXISTS `students`;
/*!40101 SET @saved_cs_client     = @@character_set_client */;
/*!50503 SET character_set_client = utf8mb4 */;
CREATE TABLE `students` (
  `id` bigint NOT NULL AUTO_INCREMENT,
  `full_name` varchar(120) NOT NULL,
  `email` varchar(200) NOT NULL,
  `phone` varchar(30) DEFAULT NULL,
  `gender` enum('MALE','FEMALE') NOT NULL,
  `password` varchar(200) NOT NULL,
  `role` enum('ADMIN','STUDENT') NOT NULL DEFAULT 'STUDENT',
  `created_at` timestamp NOT NULL DEFAULT CURRENT_TIMESTAMP,
  `updated_at` timestamp NOT NULL DEFAULT CURRENT_TIMESTAMP ON UPDATE CURRENT_TIMESTAMP,
  `profile_image_path` mediumtext,
  `reset_token` varchar(255) DEFAULT NULL,
  `reset_token_expiry` timestamp NULL DEFAULT NULL,
  `current_level` int NOT NULL DEFAULT '100',
  `retained_from_checkout` tinyint(1) NOT NULL DEFAULT '0',
  `email_verification_token` varchar(255) DEFAULT NULL,
  `email_verification_token_expiry` timestamp NULL DEFAULT NULL,
  `is_email_verified` tinyint(1) NOT NULL DEFAULT '0',
  `last_password_reset_at` timestamp NULL DEFAULT NULL,
  `last_password_reset_attempt_at` timestamp NULL DEFAULT NULL,
  PRIMARY KEY (`id`),
  UNIQUE KEY `unique_student_email` (`email`),
  KEY `idx_students_current_level` (`current_level`),
  KEY `idx_students_email_verification_token` (`email_verification_token`)
) ENGINE=InnoDB AUTO_INCREMENT=40 DEFAULT CHARSET=utf8mb4 COLLATE=utf8mb4_0900_ai_ci;
/*!40101 SET character_set_client = @saved_cs_client */;

--
-- Dumping data for table `students`
--

LOCK TABLES `students` WRITE;
/*!40000 ALTER TABLE `students` DISABLE KEYS */;
INSERT INTO `students` VALUES (1,'System Admin','admin@university.edu','+1234567890','MALE','$2a$10$uR5pmFQgJL./w9wM3JIWGeKyJ7FsCsSZUPNLXhyLhVJ1N1.RnpCLq','ADMIN','2026-02-20 01:43:39','2026-03-25 02:21:08','/uploads/images/e1c6e0b2-2e01-4a97-9d38-ff7f7e69caab.jpg',NULL,NULL,100,0,NULL,NULL,1,NULL,NULL),(2,'Test User','test@example.com','1234567890','MALE','$2a$10$HBNzqos5MPal2JvzCx01hOkiLBAQ87lI7DxFsewxPFXOoDDhIJ/ni','STUDENT','2026-02-22 20:51:53','2026-03-25 02:21:08',NULL,NULL,NULL,100,0,NULL,NULL,1,NULL,NULL),(3,'New Test User','newtest@example.com','9876543210','MALE','$2a$10$IpDSsP9Vgso9K0rZL3ps6OTC/mVUMh49KT4DGfVDiNRNnKH2e6GLC','STUDENT','2026-02-22 21:00:46','2026-03-25 02:21:08',NULL,NULL,NULL,100,0,NULL,NULL,1,NULL,NULL),(4,'Port3000 Test','port3000@test.com','5551234567','FEMALE','$2a$10$WJYtOQw.aZJuSrt3y7krZOD5ZDVDFa9KiZL5rijgCvu1EyNHpPf9y','STUDENT','2026-02-22 21:07:07','2026-03-25 02:21:08',NULL,NULL,NULL,100,0,NULL,NULL,1,NULL,NULL),(5,'Daniel Yaw Dadzie','ddadzie120@gmail.com','0597958369','MALE','$2a$10$cSOxwXFxmzfYoas5B.uJteiUfo.SDflaPqJ92Tx0oagx.av1/2GYS','ADMIN','2026-02-22 21:11:08','2026-04-28 16:54:21',NULL,NULL,NULL,100,0,NULL,NULL,1,'2026-04-28 16:54:21','2026-04-28 16:53:28'),(7,'Test Admin','testadmin@university.edu','+1234567890','MALE','$2a$10$3JjeG8nUwDozKsWzY/1hqubgxLyjesVQPZRN4flE7sCRZFZw1XyRm','STUDENT','2026-02-23 19:56:29','2026-03-25 02:21:08',NULL,NULL,NULL,100,0,NULL,NULL,1,NULL,NULL),(8,'Gideon Simon Kwofie','kwofiesimon@gmail.com','0503162896','MALE','$2a$10$xxTaa2FmdmVLKVyQ1GkmTOtdkh7MR7lq5sJDnUfFX4OuCZwS1JTNi','STUDENT','2026-02-24 21:42:08','2026-03-25 02:21:08',NULL,NULL,NULL,100,0,NULL,NULL,1,NULL,NULL),(9,'Test User','testuser@example.com','1234567890','MALE','$2a$10$0eKubwV9O.IExtBTW6/9lOrUlRc9wCfhkz4y7rO0N8nsq37TkM3Ci','STUDENT','2026-02-25 07:16:33','2026-03-25 02:21:08',NULL,NULL,NULL,100,0,NULL,NULL,1,NULL,NULL),(10,'Test User','testuser@test.com','1234567890','MALE','$2a$10$7QpJeIOFcBatPrdcWbZnSuUbFCxaaC0OOBsDO4.rKRocsSNlK.2kq','STUDENT','2026-03-03 02:43:33','2026-03-25 02:21:08',NULL,NULL,NULL,100,0,NULL,NULL,1,NULL,NULL),(11,'Copilot Test','copilottest_20260302105605@example.com','0240000000','MALE','$2a$10$DJ86QxcBPmNofYgzbzgJ6.nB8ET1qar3IBFHA7GZiIAXdT2RraSWy','STUDENT','2026-03-03 02:56:06','2026-03-25 02:21:08',NULL,NULL,NULL,100,0,NULL,NULL,1,NULL,NULL),(12,'Browser Test','browsertest@example.com','0240000001','FEMALE','$2a$10$Tdy8.mCBNYCvwK1NBF3N6uStLeDcZRu1tH8uMDU5zUtG77ZEEJ6dS','STUDENT','2026-03-03 03:01:21','2026-03-25 02:21:08',NULL,NULL,NULL,100,0,NULL,NULL,1,NULL,NULL),(13,'Daniel Yaw Dadzie','ddadzie20@gmail.com','0597958369','MALE','$2a$10$AwAp6d7vD16YSUhVWx1NJ.ADZejLRii6RhU1rE7HfJBE3G6VShDAu','STUDENT','2026-03-03 03:03:58','2026-03-25 02:21:08',NULL,NULL,NULL,100,0,NULL,NULL,1,NULL,NULL),(14,'Test Student','student5495@example.com','0240000000','MALE','$2a$10$VLjrMXXyVw4oQE3fe15KlOVmJVKEfVm18SR7WDVsWoxSp2RzVa7fq','STUDENT','2026-03-16 02:54:16','2026-03-25 02:21:08',NULL,NULL,NULL,100,0,NULL,NULL,1,NULL,NULL),(15,'Debug Student','student4294@example.com','0240000000','MALE','$2a$10$HUf9RirRpfYRpjx2WhuHJ.4wvDSU7Cqe0k3P0ZAICywhwVOtNfWgO','STUDENT','2026-03-16 03:02:30','2026-03-25 02:21:08',NULL,NULL,NULL,100,0,NULL,NULL,1,NULL,NULL),(16,'Debug Student','student4144@example.com','0240000000','MALE','$2a$10$luevNZbKG971WVhUHBEKheEFP8mWDCJQt6YebUKj7.5TONkf2Ql6i','STUDENT','2026-03-16 03:02:50','2026-03-25 02:21:08',NULL,NULL,NULL,100,0,NULL,NULL,1,NULL,NULL),(17,'Debug Student','student3898@example.com','0240000000','MALE','$2a$10$LTQpqTAWZgUXftoMDsYvV.PoEFDKvQ5WxNYYQT9CD3hpHXaBSGF92','STUDENT','2026-03-16 03:08:48','2026-03-25 02:21:08',NULL,NULL,NULL,100,0,NULL,NULL,1,NULL,NULL),(19,'Emmanuel Tawiah','tawiahemmanuel@gmail.com','0594785423','MALE','$2a$10$pq2P4u47vVgj1G99gFbFuuJl664uPBTt8qgC9/8LMx534mUHdklfu','STUDENT','2026-03-16 15:13:06','2026-03-25 02:21:08','/uploads/images/b5e6d5d6-c9ab-4779-9cbf-48b1f3e19732.jpg',NULL,NULL,100,0,NULL,NULL,1,NULL,NULL),(20,'Emmanuel Kombat','kombat23@gmail.com','0547895612','MALE','$2a$10$flld4M5U8MW7ZDbAhaej7.X9VmbeWXRbKz752EQXmYvs7LZ.VPPle','STUDENT','2026-03-16 15:38:01','2026-03-25 02:21:08','/uploads/images/1ed414fc-4113-4343-8b30-1079ead61251.jpg',NULL,NULL,100,0,NULL,NULL,1,NULL,NULL),(21,'hhhhhh','hgh@gmail.com','hg','MALE','$2a$10$lzvq3PTCi5dpoGOupmezsO6Gc7vlkJ3DV0UonjHjyCqN0CJ/pfg0G','STUDENT','2026-03-30 13:40:52','2026-03-30 13:40:52',NULL,NULL,NULL,100,0,NULL,NULL,0,NULL,NULL),(22,'Ruth','ruth@gmail.com','0597958369','FEMALE','$2a$10$u6WmUro4Pxuj4kWyttYXIOylfQfJ3p5Oe0DVD8CVN18aEdzaJsYpy','STUDENT','2026-03-30 13:56:37','2026-03-30 13:56:37','/uploads/images/879621d4-eeff-4234-86c6-43dd949b6107.jpg',NULL,NULL,100,0,NULL,NULL,0,NULL,NULL),(23,'Smoke Test Student','smoke.1776318512955696@test.com','+233555000000','MALE','$2a$10$F32hndd2OwYic2J9.bkWtO0u2OLh3lzJ6tTdLPponzZ9.CZ4hRkRe','STUDENT','2026-04-16 05:48:35','2026-04-16 05:48:35','',NULL,NULL,100,0,NULL,NULL,0,NULL,NULL),(24,'Smoke Test Student','smoke.1776318688071715@test.com','+233555000000','MALE','$2a$10$75XdIXFxzrQio.cj5EEc6OfXP6l7apirSeYB12nNBAAPYiE6Hjame','STUDENT','2026-04-16 05:51:30','2026-04-16 05:51:30','',NULL,NULL,100,0,NULL,NULL,0,NULL,NULL),(25,'Smoke Test Student','smoke.1776318934419437@test.com','+233555000000','MALE','$2a$10$7RYQclvIoSYT75TcoTHHteL90wsaQkJJZpUoBgWNRASD1rG1Hw7WS','STUDENT','2026-04-16 05:55:44','2026-04-16 05:55:44','',NULL,NULL,100,0,NULL,NULL,0,NULL,NULL),(26,'Smoke Test Student','smoke.17763190103324@test.com','+233555000000','MALE','$2a$10$0rmQwu9o7I0qv4VtGPlOke2xtEW2wb2uu7b3fWDLaR2/WN/HdSQ6u','STUDENT','2026-04-16 05:56:51','2026-04-16 05:56:51','',NULL,NULL,100,0,NULL,NULL,0,NULL,NULL),(27,'Smoke Test Student','smoke.1776319087103213@test.com','+233555000000','MALE','$2a$10$Qv/CfsKAefr990eSZ8w0nO5W/.jG2i117.oFaI0eSQd16Mb1EAk.m','STUDENT','2026-04-16 05:58:09','2026-04-16 05:58:09','',NULL,NULL,100,0,NULL,NULL,0,NULL,NULL),(28,'Smoke Test Student','smoke.1776319321893104@test.com','+233555000000','MALE','$2a$10$5YVvplQ0xbUq2K1VMq7aQuMl8Fpn/SPeaVDcz9cAV6WeYH67qQyxK','STUDENT','2026-04-16 06:02:05','2026-04-16 06:02:05','',NULL,NULL,100,0,NULL,NULL,0,NULL,NULL),(29,'Smoke Test Student','smoke.1776319578600375@test.com','+233555000000','MALE','$2a$10$k1zh.zQzgeUMz7teXVyOV.7MA06aTHGxNIb.qAbRbE.NER0q78zrK','STUDENT','2026-04-16 06:06:22','2026-04-16 06:06:22','',NULL,NULL,100,0,NULL,NULL,0,NULL,NULL),(30,'Smoke Test Student','smoke.1776319670055131@test.com','+233555000000','MALE','$2a$10$zqon5biKBmSADmUIaFniaemRCRavlG0XIJvoJ1wPIuf1ZpK3K1/82','STUDENT','2026-04-16 06:07:54','2026-04-16 06:07:54','',NULL,NULL,100,0,NULL,NULL,0,NULL,NULL),(31,'Smoke Test Student','smoke.1776320493674751@test.com','+233555000000','MALE','$2a$10$nfoA5ffN0JbVXM1ref9dyObumt327Qarry3ELvQVPkYK59JaYPPZS','STUDENT','2026-04-16 06:21:44','2026-04-16 06:21:44','',NULL,NULL,100,0,NULL,NULL,0,NULL,NULL),(32,'Smoke Test Student','smoke.1776320633446685@test.com','+233555000000','MALE','$2a$10$giUhsiUWQoVIbAil5rOFHewKoY.bf9Yts1C63mo0Zeh/JbB0TNKyK','STUDENT','2026-04-16 06:23:56','2026-04-16 06:23:56','',NULL,NULL,100,0,NULL,NULL,0,NULL,NULL),(33,'Smoke Test Student','smoke.1776320844124914@test.com','+233555000000','MALE','$2a$10$kaD.TGdZhVmxd/uDQs.LvOs7c6lDnchEV4fnJbZDYSrlXrrlVTZom','STUDENT','2026-04-16 06:27:29','2026-04-16 06:27:29','',NULL,NULL,100,0,NULL,NULL,0,NULL,NULL),(34,'WS Probe Student','wsprobe.1776321165542443@test.com','+233555000001','MALE','$2a$10$BmZW/armQsTSZnm0A3fY6eQsO8bz9NcUq/Ug4Dna2mfMDlKUj9y9G','STUDENT','2026-04-16 06:32:46','2026-04-16 06:32:46','',NULL,NULL,100,0,NULL,NULL,0,NULL,NULL),(35,'WS Probe Student','wsprobe.1776321741149711@test.com','+233555000001','MALE','$2a$10$WY3DIO0EWbI62sVGYCSNTumRoE7Zre0IOz.lMLuN9Ethm6px/2Hra','STUDENT','2026-04-16 06:42:25','2026-04-16 06:42:25','',NULL,NULL,100,0,NULL,NULL,0,NULL,NULL),(36,'WS Probe Student','wsprobe.1776321857348131@test.com','+233555000001','MALE','$2a$10$ydQgN9JssRilwaNnAXyrVuEvWu8HOejBXOlCZc/lWkuee9rJcQ4e.','STUDENT','2026-04-16 06:44:18','2026-04-16 06:44:18','',NULL,NULL,100,0,NULL,NULL,0,NULL,NULL),(37,'WS Probe Student','wsprobe.1776322075156452@test.com','+233555000001','MALE','$2a$10$fybHAbkdXundoGGbFw8YFO8z/C.txVvvieAgKKfcSv2HE6XjspcEK','STUDENT','2026-04-16 06:47:58','2026-04-16 06:47:58','',NULL,NULL,100,0,NULL,NULL,0,NULL,NULL),(38,'Smoke Test Student','smoke.1776322103184959@test.com','+233555000000','MALE','$2a$10$TntG.BAgUNMb.fq4gua8x.iJMhFPNwRa8MUB5JRU7Fs0esioN2kMS','STUDENT','2026-04-16 06:48:25','2026-04-16 06:48:25','',NULL,NULL,100,0,NULL,NULL,0,NULL,NULL),(39,'Smoke Test Student','smoke.1776322223673202@test.com','+233555000000','MALE','$2a$10$Lux9xx8jQmgBdwODMSCgVuaOPjyGg75EIrjBoeUuk1lMzeMMAeR0e','STUDENT','2026-04-16 06:50:25','2026-04-16 06:50:25','',NULL,NULL,100,0,NULL,NULL,0,NULL,NULL);
/*!40000 ALTER TABLE `students` ENABLE KEYS */;
UNLOCK TABLES;
/*!40103 SET TIME_ZONE=@OLD_TIME_ZONE */;

/*!40101 SET SQL_MODE=@OLD_SQL_MODE */;
/*!40014 SET FOREIGN_KEY_CHECKS=@OLD_FOREIGN_KEY_CHECKS */;
/*!40014 SET UNIQUE_CHECKS=@OLD_UNIQUE_CHECKS */;
/*!40101 SET CHARACTER_SET_CLIENT=@OLD_CHARACTER_SET_CLIENT */;
/*!40101 SET CHARACTER_SET_RESULTS=@OLD_CHARACTER_SET_RESULTS */;
/*!40101 SET COLLATION_CONNECTION=@OLD_COLLATION_CONNECTION */;
/*!40111 SET SQL_NOTES=@OLD_SQL_NOTES */;

-- Dump completed on 2026-06-17  3:35:44
